0,0,0,0,0,0,0,2.450000048,0,0,0,5.079999924,33.02000046,17.78000069,0,0,0,0,0,0,0,0,0,0,0,0,0,0,0,0,0,0,0,0,0,0,0,0,0,0,0,0,0,0,0,0,0,0,0,0,0,0,0,0,0,0,9.43999958,0,0,0,0,0,0,0,0,0,0,0,0,0,0,0,0,0,0,0,0,0,0,0,0,0,0,0,0,0,0,0,0,0,0,0,0,0,0,0,0,0,0,0,0,0,0,0,19.20000076,16.79999924,7.440000057,0,0,0,9.359999657,14.03999996,11.80000019,16.52000046,7.079999924,11.80000019,0,0,0,0,0,0,0,0,0,0,0,0,0,0,0,0,0,0,0,0,0,0,0,0,0,0,0,0,0
0,0,0,2.450000048,2.450000048,7.349999905,0,0,0,0,0,7.619999886,10.15999985,0,0,0,0,0,0,0,0,0,0,0,0,0,0,0,0,0,0,0,0,0,0,0,0,0,0,0,0,0,0,0,0,0,0,0,0,4.5,4.5,0,0,0,0,0,0,2.359999895,0,0,0,0,0,0,0,0,0,0,0,0,0,0,0,0,0,0,0,0,0,0,0,0,0,0,0,0,0,0,0,0,0,0,0,0,0,0,0,0,0,0,0,0,0,0,9.600000381,7.199999809,2.400000095,0,0,0,0,0,0,2.359999895,16.52000046,14.11999989,18.86000061,18.87999916,16.52000046,2.359999895,0,0,0,0,0,0,0,0,0,0,0,0,0,0,0,0,0,0,0,0,0,0,0,0,0
0,0,0,0,19.60000038,36.75,19.60000038,12.25,9.800000191,2.450000048,0,7.619999886,0,0,0,0,0,0,0,0,0,0,0,0,0,0,0,0,0,0,0,0,0,0,0,0,0,0,0,0,0,0,0,0,0,0,0,0,0,0,0,0,0,0,0,2.359999895,0,0,0,0,0,0,0,0,0,0,0,0,0,0,0,0,0,0,0,0,0,0,0,0,0,0,0,0,0,0,0,0,0,0,0,0,0,0,0,0,0,0,0,0,0,0,0,0,0,2.400000095,9.600000381,0,0,0,0,0,0,0,0,30.42000008,42.15999985,47.20000076,4.71999979,14.15999985,18.87999916,15.26000023,18.05999947,12.89999962,2.579999924,0,0,0,0,0,0,0,0,0,0,0,0,0,0,0,0,0,0,0,0
0,0,0,0,0,4.900000095,34.29999924,12.25,26.95000076,0,0,25.39999962,0,0,0,0,0,0,0,0,0,0,0,0,0,0,0,0,0,0,0,0,0,0,0,0,0,0,0,0,0,0,0,0,0,0,0,0,0,0,0,0,0,0,0,0,0,0,0,0,0,0,0,0,0,0,0,0,0,0,0,2.359999895,0,0,0,0,0,0,0,0,0,0,0,0,0,0,0,0,0,0,0,0,0,0,0,0,0,0,0,0,0,0,0,2.400000095,12,2.400000095,2.400000095,4.800000191,0,0,15.77999973,0,0,0,32.75999832,42.11999893,37.43999863,51.91999817,0,0,0,0,2.579999924,2.579999924,18.05999947,18.05999947,2.579999924,0,0,0,0,0,0,0,0,0,0,0,0,0,0,0,0,0,0
0,0,0,0,0,0,7.349999905,2.450000048,22.04999924,0,0,17.78000069,0,0,0,0,0,0,0,0,0,0,0,0,0,0,0,0,0,0,0,0,0,0,0,0,0,0,0,0,0,0,0,0,0,0,0,0,0,0,0,4.5,11.25,20.25,6.75,0,0,2.359999895,0,0,0,0,0,0,0,0,4.71999979,0,0,0,0,0,0,0,0,0,0,0,0,0,0,0,0,0,0,0,0,0,0,0,0,0,0,0,0,0,2.400000095,0,0,0,0,0,0,4.800000191,0,0,0,5.260000229,5.260000229,21.04000092,7.889999866,0,0,7.019999981,16.37999916,35.09999847,0,30.68000031,0,0,0,0,0,0,0,0,18.05999947,18.05999947,2.579999924,0,0,0,0,0,0,0,0,0,0,0,0,0,0,0,0
0,0,0,0,0,0,0,19.60000038,53.90000153,0,0,17.78000069,0,0,0,0,0,0,0,0,0,0,0,0,0,0,0,0,0,0,0,0,0,0,0,0,0,0,0,0,0,0,0,0,0,0,0,0,0,0,0,0,2.25,13.5,0,0,2.359999895,2.359999895,0,0,0,0,0,0,0,0,0,0,0,0,0,0,0,0,0,0,0,0,0,0,0,0,0,0,0,0,0,0,0,0,0,0,0,0,0,0,2.400000095,0,0,0,0,0,0,2.400000095,0,0,0,2.630000114,25.23999977,34.18999863,7.889999866,0,0,0,0,2.339999914,0,0,0,0,0,0,0,0,0,0,0,5.159999847,2.579999924,0,0,0,0,0,0,0,0,0,0,0,0,0,0,0,0
0,0,0,0,0,0,0,12.25,41.65000153,0,0,2.539999962,0,0,0,0,0,0,0,0,0,0,0,0,0,0,0,0,0,0,0,0,0,0,0,0,0,0,0,0,0,0,0,0,0,0,0,0,0,0,0,0,2.25,4.5,6.75,0,0,0,0,0,0,0,0,0,0,0,0,0,0,0,0,0,0,0,0,0,0,0,0,0,0,0,0,0,0,0,0,0,0,0,0,0,0,0,0,0,0,0,0,0,0,0,0,0,0,12.35000038,15.61999989,5.260000229,19.97999954,51.47000122,72.68000031,5.260000229,0,0,0,0,0,0,0,0,0,0,0,0,0,0,0,0,0,0,0,0,0,0,0,0,0,0,0,0,0,0,0,0,0
0,0,0,0,0,0,0,0,39.20000076,0,0,0,0,0,0,0,0,0,0,0,0,0,0,0,0,0,0,0,0,0,0,0,0,0,0,0,0,0,0,0,0,0,0,0,0,0,0,0,0,0,0,0,2.25,9,0,0,4.71999979,0,0,0,0,0,0,0,0,0,0,0,0,0,0,0,0,0,0,0,0,0,0,0,0,0,0,0,0,0,0,0,0,0,0,0,0,0,0,0,0,0,0,0,0,0,0,0,4.940000057,2.470000029,0,0,0,24.42000008,28.28000069,0,0,0,0,0,0,0,0,0,0,0,0,0,0,0,0,0,0,0,0,0,0,0,0,0,0,0,0,0,0,0,0,0,0
0,0,0,0,0,0,0,0,7.349999905,0,0,0,0,2.539999962,0,0,0,0,0,0,0,0,0,0,0,0,0,0,0,0,0,0,0,0,0,0,0,0,0,0,0,0,0,0,0,0,0,0,0,0,0,0,9,2.25,0,4.71999979,0,0,0,0,0,0,0,0,0,0,0,0,0,0,0,0,0,0,0,0,0,0,0,0,0,0,0,4.800000191,0,0,0,0,0,0,0,0,0,0,0,0,0,0,0,0,0,2.470000029,4.940000057,19.76000023,27.17000008,2.470000029,0,0,0,10.52000046,39.45000076,0,0,0,0,0,0,0,0,0,0,0,0,0,0,0,0,0,0,0,0,0,0,0,0,0,0,0,0,0,0,0,0,0,0
0,0,0,0,0,0,0,0,0,0,0,0,0,0,44.63999939,0,0,0,0,0,0,0,0,0,0,0,0,0,0,0,0,0,0,0,0,0,0,0,0,0,0,0,0,0,0,0,0,0,0,0,0,0,0,0,0,4.71999979,0,0,0,0,0,0,0,0,0,0,0,0,0,0,0,0,0,0,0,0,0,0,0,0,0,0,0,0,0,0,0,0,0,0,0,0,0,0,0,0,2.400000095,0,0,0,0,0,2.470000029,24.70000076,34.58000183,0,0,0,0,21.04000092,18.40999985,0,0,0,0,0,0,0,0,0,0,0,0,0,0,0,0,0,0,0,0,0,0,0,0,0,0,0,0,0,0,0,0,0,0
0,0,0,0,0,0,0,0,0,0,0,0,25.39999962,0,42.63999939,42.15999985,0,0,0,0,0,0,0,0,0,0,0,0,0,0,0,0,0,0,0,0,0,0,0,0,0,0,0,0,0,0,0,0,0,0,0,0,0,0,0,2.359999895,0,0,0,0,0,0,0,0,0,0,0,0,0,0,0,0,0,0,0,0,0,0,0,0,0,0,0,0,0,0,0,0,0,0,0,0,0,0,0,0,0,0,0,0,0,0,0,14.81999969,34.58000183,0,0,0,0,0,10.52000046,0,0,0,0,0,0,0,0,0,0,0,0,0,0,0,0,0,0,0,0,0,0,0,0,0,0,0,0,0,0,0,0,0,0
0,0,0,0,0,0,0,0,0,0,0,0,17.78000069,15.06000042,60,49.95999908,2.480000019,0,0,0,0,0,0,0,0,0,0,0,0,0,0,0,0,0,0,0,0,0,0,0,0,0,0,0,0,0,0,0,0,0,0,0,0,0,0,0,0,0,0,2.359999895,0,0,0,0,0,0,0,0,0,0,0,0,0,0,0,0,0,0,0,0,0,0,0,0,0,0,0,0,0,0,0,0,0,0,0,0,0,0,0,0,0,9.880000114,34.58000183,34.58000183,14.81999969,0,0,0,0,0,2.630000114,2.630000114,10.52000046,0,0,0,0,0,0,0,0,0,0,0,0,0,0,0,0,0,0,0,0,0,0,0,0,0,0,0,0,0,0,0,0
0,0,0,0,0,0,2.450000048,0,0,0,0,0,0,37.91999817,37.25999832,29.76000023,0,0,0,0,0,0,0,0,0,0,0,0,0,0,0,0,0,0,0,0,0,0,0,0,0,0,0,0,0,0,0,0,0,0,0,0,0,0,0,0,0,0,0,0,0,0,0,0,0,0,0,0,0,0,0,0,0,0,11.47999954,2.869999886,0,0,0,0,0,0,0,0,0,0,0,0,0,0,0,0,0,0,0,0,0,0,0,0,0,2.539999962,7.409999847,22.22999954,0,0,0,0,0,0,2.630000114,15.77999973,10.52000046,2.630000114,0,0,0,0,0,0,0,0,0,0,0,0,0,0,0,0,0,0,0,0,0,0,0,0,0,0,0,0,0,0,0
0,0,0,0,0,0,2.450000048,0,0,0,0,0,0,7.619999886,15,0,0,0,0,0,0,0,0,0,0,0,0,0,0,0,0,0,0,0,0,0,0,0,0,0,0,0,0,0,0,0,0,0,0,0,0,0,0,2.359999895,0,0,0,0,0,0,0,0,0,0,0,0,0,0,0,0,0,0,2.359999895,4.71999979,57.40000153,60.27000046,66.01000214,25.82999992,0,0,0,0,0,0,0,0,0,0,0,0,0,0,0,0,0,0,0,0,0,0,15.23999977,50.79999924,15.23999977,14.89000034,27.17000008,19.76000023,0,0,0,0,0,2.630000114,0,0,0,0,0,0,0,0,0,0,0,0,0,0,0,0,0,0,0,0,0,0,0,0,0,0,0,0,0,0,0,0,0
0,0,0,0,0,0,0,0,0,0,0,0,0,0,0,9.920000076,0,0,0,0,0,0,0,0,0,0,0,0,0,0,0,0,0,0,0,0,0,0,0,0,0,0,0,0,0,0,0,0,0,0,0,0,0,2.359999895,0,0,0,0,0,0,0,0,0,0,0,0,0,0,0,0,0,0,2.359999895,7.590000153,25.82999992,8.609999657,77.48999786,66.01000214,60.27000046,17.21999931,0,0,0,0,0,0,0,0,0,0,0,0,0,0,0,0,0,0,0,0,7.619999886,27.94000053,10.15999985,2.539999962,0,0,0,0,0,0,0,0,0,0,0,0,0,0,0,0,0,0,0,0,0,0,0,0,0,0,0,0,0,0,0,0,0,0,0,0,0,0,0,0,0
0,0,0,0,0,0,0,0,0,0,0,0,0,0,0,4.960000038,0,0,0,0,0,2.539999962,0,0,0,0,0,0,0,0,0,0,0,0,0,0,0,0,0,0,0,0,0,0,0,0,2.25,0,0,0,0,0,2.359999895,7.079999924,0,0,0,0,0,0,0,0,0,0,0,0,0,0,0,0,0,0,0,28.70000076,63.13999939,11.47999954,20.09000015,63.13999939,74.62000275,5.739999771,28.70000076,0,0,0,0,0,0,0,0,0,0,0,0,0,2.539999962,0,0,0,0,0,20.31999969,12.69999981,0,0,0,0,0,0,0,0,0,0,0,0,0,0,0,0,0,0,0,0,0,0,0,0,0,0,0,0,0,0,0,0,0,0,0,0,0,0,0,0,0,0,0
0,0,0,0,0,0,0,0,0,0,0,0,0,0,0,0,22.31999969,0,0,0,0,0,0,0,0,0,0,0,0,0,0,0,0,0,0,0,0,0,0,0,0,0,0,0,0,0,0,0,0,0,0,0,0,0,0,0,0,0,0,0,0,0,0,0,0,0,0,0,0,0,0,0,0,20.09000015,140.6300049,88.97000122,100.4499969,71.75,11.47999954,34.43999863,91.83999634,48.79000092,5.739999771,0,0,0,0,0,0,0,0,0,0,0,0,0,0,0,0,0,27.94000053,22.86000061,0,2.539999962,0,0,0,0,0,0,0,0,0,0,0,0,0,0,0,0,0,0,0,0,0,0,0,0,0,0,0,0,0,0,0,0,0,0,0,0,0,0,0,0,0
0,0,0,0,0,0,0,0,0,0,0,0,0,0,0,0,4.960000038,2.480000019,4.960000038,0,0,0,0,0,0,0,0,0,0,0,0,0,0,0,0,0,0,0,0,0,0,0,0,0,0,0,0,0,0,0,0,7.079999924,0,0,0,0,0,0,0,0,0,0,0,0,0,0,0,0,0,0,0,0,22.95999908,57.40000153,149.2400055,37.31000137,71.75,34.43999863,49.74000168,104.4300003,111.9300003,111.9300003,40.18000031,0,0,0,0,0,0,0,0,0,0,0,0,0,0,10.15999985,5.079999924,5.079999924,15.23999977,12.69999981,0,0,0,0,0,0,0,0,0,0,0,0,0,0,0,0,0,0,0,0,0,0,0,0,0,0,0,0,0,0,0,0,0,0,0,0,0,0,0,0,0,0,0
0,0,0,0,0,0,0,0,0,0,0,0,0,0,0,0,0,2.480000019,2.480000019,0,0,0,0,0,0,0,0,0,0,0,0,0,0,0,0,0,0,0,0,0,0,0,0,0,0,0,0,0,0,0,0,0,0,0,0,0,0,0,0,0,0,0,0,0,0,0,0,0,0,0,0,0,37.31000137,86.09999847,74.62000275,83.23000336,20.09000015,21.68000031,8.130000114,17.21999931,97.58000183,106.1900024,28.70000076,0,5.739999771,8.609999657,0,0,0,0,0,0,0,0,0,0,0,17.78000069,0,0,2.539999962,0,0,0,0,0,0,0,0,0,0,0,0,0,0,0,0,0,0,0,0,0,0,0,0,0,0,0,0,0,0,0,0,0,0,0,0,0,0,0,0,0,0,2.450000048,0
0,0,0,0,0,0,0,0,0,0,0,0,0,0,0,0,0,0,0,0,0,0,0,0,0,0,0,0,0,0,0,0,0,0,0,0,0,0,0,0,0,0,0,0,0,0,0,0,0,0,0,0,0,0,0,0,0,0,0,0,0,0,0,0,0,0,0,0,0,0,0,0,17.21999931,106.1900024,114.8000031,14.35000038,30.12999916,81.30000305,27.10000038,0,85.62000275,97.58000183,11.47999954,45.91999817,28.70000076,40.18000031,0,0,0,0,0,0,0,0,0,0,0,15.23999977,0,2.539999962,7.619999886,0,0,0,0,0,0,0,0,0,0,0,0,0,0,0,0,0,0,0,0,0,0,0,0,0,0,0,0,0,0,0,0,0,0,0,0,0,0,0,0,0,0,0,0
0,0,0,0,0,0,0,0,0,0,0,0,0,0,0,0,0,0,0,0,0,0,0,0,0,0,0,0,0,0,0,0,0,0,0,0,0,0,0,0,0,0,0,0,0,0,0,0,0,0,0,0,0,0,0,0,0,0,0,0,0,0,0,0,0,0,0,0,0,0,0,0,5.739999771,54.52999878,31.56999969,45.91999817,100.7600021,73.16999817,10.84000015,67.75,24.70999908,54.52999878,5.739999771,22.95999908,45.81000137,0,0,0,0,0,0,0,0,0,0,0,0,15.23999977,20.31999969,2.539999962,0,0,0,0,0,0,0,0,0,0,0,0,0,0,0,0,0,0,0,0,4.900000095,0,0,0,0,0,0,0,0,0,0,0,0,0,0,0,0,0,0,0,0,0,0,0,0
0,0,0,0,0,0,0,0,0,0,0,0,0,0,0,0,0,0,0,0,0,0,0,0,0,0,0,0,0,0,0,0,0,0,0,0,0,0,0,0,0,0,0,0,0,0,0,0,0,0,0,0,0,0,0,0,0,0,0,0,0,0,0,0,0,0,0,0,0,0,0,0,0,0,0,121.1299973,118.7799988,16.26000023,73.16999817,70.45999908,13.55000019,0,0,0,0,0,0,0,0,0,0,0,0,0,0,0,0,15.23999977,10.15999985,0,0,0,0,0,0,0,0,0,0,0,0,0,0,0,0,0,0,0,0,0,2.450000048,4.900000095,0,0,0,0,0,0,0,0,0,0,7.349999905,2.450000048,0,0,0,0,0,0,0,0,0,0,0
0,0,0,0,0,0,0,0,0,0,0,0,0,0,0,0,0,0,0,0,0,0,0,0,0,0,0,0,0,0,0,0,0,0,0,0,0,0,0,0,0,0,0,0,0,0,0,0,0,0,0,4.5,6.75,0,0,0,0,0,0,0,0,0,0,0,0,0,0,0,0,0,0,0,0,0,0,13.80000019,112.9800034,84.91999817,70.45999908,10.84000015,0,0,0,0,0,0,0,0,0,0,0,0,0,0,0,0,0,0,2.539999962,0,0,0,0,0,0,0,0,0,0,0,0,0,0,0,0,0,0,0,0,0,2.450000048,0,4.900000095,0,0,0,0,0,0,0,0,0,0,9.800000191,14.69999981,19.60000038,2.450000048,2.25,15.75,9,0,2.25,2.25,2.25,0
0,0,0,0,0,0,0,0,0,0,0,0,0,0,0,0,0,0,0,0,12.39999962,0,0,0,0,0,0,0,0,0,0,0,0,0,0,0,0,0,0,0,0,0,0,0,0,0,0,0,0,0,0,0,0,0,0,0,0,0,0,0,0,0,0,2.369999886,0,0,0,0,0,0,0,0,0,0,0,0,62.09999847,82.80000305,0,0,0,0,0,0,0,0,0,0,0,0,0,0,0,0,0,0,0,0,0,2.579999924,0,0,0,0,0,0,0,0,0,0,0,0,0,0,0,0,0,0,0,0,0,0,0,0,0,0,0,0,0,0,0,0,0,0,0,12.25,22.04999924,16.95000076,33.95000076,38.25,33.75,29.25,15.75,9,0
0,0,0,0,0,0,0,0,0,0,0,0,0,0,0,0,0,0,0,0,0,0,0,0,0,0,0,0,0,0,0,0,0,0,0,0,0,0,0,0,9.920000076,27.28000069,0,0,0,0,0,0,0,0,0,0,0,0,0,0,0,0,0,0,0,0,0,0,0,0,0,0,0,0,0,0,0,5.739999771,0,0,27.60000038,0,0,0,0,0,0,0,0,0,0,0,0,0,0,0,0,0,0,0,0,0,2.579999924,0,0,0,0,0,0,0,0,0,0,0,0,0,0,0,0,0,0,0,0,9.800000191,2.450000048,0,0,2.450000048,0,0,0,0,0,0,0,0,0,0,0,0,12.25,9.800000191,24.10000038,22.5,28.20000076,19.20000076,16.35000038,13.5,2.25
0,0,0,0,0,0,0,0,0,0,0,0,0,0,0,0,0,0,0,0,0,0,0,0,0,0,0,0,0,0,0,0,0,0,0,0,0,0,0,0,0,71.62999725,17.29000092,0,0,2.25,0,0,0,0,0,0,0,2.25,0,0,0,4.71999979,4.71999979,0,4.739999771,0,0,0,0,0,0,0,0,0,0,2.869999886,0,0,0,0,0,0,0,0,0,0,0,0,0,5.519999981,0,0,0,0,0,0,0,0,0,0,0,0,0,0,0,0,0,0,0,0,0,0,0,0,0,0,0,0,0,0,0,0,0,0,0,0,0,0,0,0,0,0,0,0,0,0,0,0,0,0,0,0,38.79999924,38.59999847,9.800000191,12.25,14.69999981,13.5,2.25
0,0,0,0,0,0,0,0,0,0,0,0,0,0,0,0,0,0,0,0,0,0,2.480000019,0,0,0,0,0,0,0,0,0,0,0,0,0,0,0,0,0,0,101.2699966,91.38999939,4.940000057,0,0,0,0,0,0,0,0,0,13.5,0,0,0,2.369999886,0,0,0,0,0,0,0,0,0,0,0,0,0,0,0,0,0,0,0,0,0,0,0,0,0,0,11.03999996,27.60000038,2.75999999,0,0,0,0,0,0,0,0,0,0,0,0,0,0,0,5.03000021,0,0,0,0,2.450000048,4.900000095,0,0,0,0,0,0,0,0,0,0,0,0,0,0,0,0,0,2.390000105,0,0,0,0,0,0,0,0,0,0,0,0,0,0,0,0,0,0
0,0,0,0,0,0,0,0,0,0,0,0,0,0,0,0,0,0,0,0,0,4.960000038,0,0,0,0,0,0,0,0,0,0,0,0,0,0,0,0,0,0,7.409999847,98.80000305,116.0899963,71.62999725,0,0,0,0,0,0,0,0,0,2.25,0,0,0,0,2.369999886,0,0,0,0,0,0,0,0,0,0,0,0,0,0,0,0,0,0,0,0,0,0,0,0,33.11999893,41.40000153,24.84000015,13.80000019,0,0,0,0,0,0,0,7.739999771,0,2.579999924,0,0,0,0,0,0,0,0,0,0,0,2.450000048,2.390000105,0,0,0,0,0,0,0,0,0,0,0,0,0,0,0,0,0,0,0,0,0,0,0,0,0,0,0,0,0,0,0,0,0,0,0
0,0,0,0,0,0,0,0,0,0,0,0,0,0,0,0,0,0,0,0,0,0,0,0,0,0,0,0,0,0,0,0,0,0,0,0,0,0,0,0,0,88.91999817,106.2099991,22.22999954,0,0,0,0,0,0,0,0,0,0,0,0,0,4.739999771,4.739999771,0,0,0,2.369999886,0,0,0,0,0,0,0,0,0,0,0,0,0,0,0,0,0,0,0,16.55999947,44.15999985,33.11999893,44.15999985,27.60000038,11.03999996,0,0,0,0,11.03999996,16.37999916,18.05999947,0,2.579999924,0,0,0,0,0,0,0,0,0,0,0,0,0,0,7.170000076,0,0,0,0,0,0,0,0,0,0,0,0,0,0,0,0,0,0,0,0,0,0,0,0,0,0,0,0,0,0,0,0,0
0,0,0,0,0,0,0,0,0,0,0,0,0,0,0,0,0,0,0,0,0,0,0,0,0,0,0,0,0,0,0,0,0,0,0,0,0,0,0,0,0,14.81999969,14.81999969,0,24.70000076,24.70000076,0,0,0,0,0,0,0,0,0,0,0,0,0,0,0,0,2.369999886,0,0,0,0,0,0,0,0,0,0,0,0,0,0,0,0,0,0,0,19.31999969,11.03999996,8.279999733,22.07999992,5.519999981,0,2.75999999,2.75999999,2.579999924,2.75999999,2.75999999,0,0,0,0,0,0,0,0,0,0,0,0,0,0,0,0,0,0,0,0,0,0,0,0,0,0,0,4.78000021,0,0,0,0,0,0,0,0,0,0,0,0,0,0,0,0,0,0,0,0,0,0,0,0
0,0,0,0,0,0,0,0,0,0,0,0,0,0,0,0,0,0,0,0,0,0,0,0,0,0,0,0,0,0,0,0,0,0,0,0,0,0,0,0,0,64.22000122,64.22000122,49.40000153,106.2099991,71.62999725,9.880000114,0,0,0,0,0,0,0,0,0,0,2.369999886,0,0,0,0,0,0,0,0,0,0,0,0,0,5.739999771,0,0,0,0,0,0,0,0,0,2.75999999,0,0,0,0,0,0,0,2.579999924,12.89999962,0,0,0,0,0,0,0,0,0,0,0,0,0,0,0,0,0,0,0,0,0,0,0,0,0,0,0,0,0,0,7.170000076,0,0,0,0,0,2.390000105,0,0,0,0,0,0,0,0,0,0,0,0,0,0,0,0,0
0,0,0,0,0,0,0,0,0,0,0,0,0,0,0,0,0,0,0,0,0,0,0,0,0,0,0,0,0,0,0,0,0,0,0,0,0,0,0,0,0,46.93000031,106.2099991,32.11000061,44.45999908,59.27999878,61.75,7.409999847,0,0,0,0,0,0,0,0,0,0,0,0,0,0,0,0,0,0,0,0,2.640000105,10.56000042,0,0,0,0,0,0,0,0,0,0,24,27,45,39,36,36,30,6,0,0,5.159999847,2.579999924,0,0,0,0,0,0,0,0,0,0,0,0,0,0,0,0,0,0,0,0,0,0,0,0,0,0,0,0,0,0,0,0,0,0,0,0,0,0,0,0,0,0,0,0,0,0,0,0,0,0,0,0,0
0,0,0,0,0,0,0,0,0,0,0,0,0,0,0,0,0,0,0,0,0,0,0,0,0,0,0,0,0,0,0,0,0,0,0,0,0,0,0,0,0,0,46.93000031,32.11000061,17.29000092,88.91999817,61.75,19.76000023,32.11000061,0,0,0,0,0,0,0,0,0,2.369999886,0,0,0,0,0,0,0,0,0,0,31.68000031,2.640000105,0,0,0,0,0,0,0,0,6,69,129,138,105,144,114,108,33,0,0,0,0,0,0,0,0,0,0,0,0,0,0,0,0,0,0,0,0,0,0,0,0,0,0,0,0,0,0,0,0,0,0,0,0,0,0,0,0,0,0,0,0,0,0,0,0,0,0,0,0,0,0,0,0,0
0,0,0,0,0,0,0,0,0,0,0,0,0,0,0,0,0,0,0,0,0,0,0,0,0,1.809999943,0,0,0,0,0,0,0,0,0,0,0,0,0,0,0,0,4.940000057,27.17000008,0,24.70000076,76.56999969,59.41999817,66.97000122,9.880000114,0,0,0,0,0,0,0,2.369999886,7.110000134,0,0,0,0,0,0,0,0,0,0,13.19999981,29.04000092,2.640000105,0,0,0,0,0,33,51,84,73.66000366,51.29999924,34.20000076,64.34999847,59.84999847,60,75,75,33,0,0,0,0,0,0,0,0,0,0,0,0,0,0,0,0,0,0,0,0,0,0,0,0,0,0,0,0,0,0,0,0,0,0,0,0,0,0,0,0,0,0,0,0,0,0,0,0,0,0,0,0,0,0,0,0
0,0,0,0,0,0,0,0,0,0,0,0,0,0,0,0,0,13.5,0,0,0,0,0,0,0,0,0,0,0,0,0,0,0,0,0,0,0,0,0,0,0,0,0,0,0,0,45.02000046,100.0599976,75.12999725,43.61999893,4.800000191,0,0,0,0,0,0,0,0,11.85000038,7.110000134,0,0,0,0,0,0,0,0,31.68000031,47.52000046,31.68000031,0,0,0,0,0,3,74.86000061,71.16000366,25.73999977,51.34000015,79.80000305,43.22000122,30.67000008,114,82.65000153,54,24,0,0,0,0,0,0,0,0,0,0,0,0,0,0,0,0,0,0,0,0,0,0,0,0,0,0,0,0,0,0,0,0,0,0,0,0,0,0,0,0,0,0,2.390000105,0,0,0,0,0,0,0,0,0,0,0,0,0
0,0,0,0,0,0,0,0,0,0,0,5.400000095,0,0,0,0,40.5,75.59999847,0,0,0,0,0,0,0,0,0,0,0,0,0,0,0,0,0,7.53000021,0,0,0,0,0,0,0,0,0,0,91.26999664,114.0400009,119.75,46.86000061,45.59999847,0,0,0,0,0,0,0,0,16.59000015,14.22000027,11.85000038,0,0,0,0,0,0,0,21.12000084,31.68000031,47.38000107,37.95999908,36.95999908,0,0,0,0,41.72000122,66.33999634,0,5.699999809,25.30999947,50.20000076,32.63000107,56.86999893,70.38999939,2.849999905,0,6.300000191,0,0,0,0,0,0,0,0,0,0,0,0,0,0,0,0,0,0,0,0,0,0,0,0,0,0,0,0,0,0,0,0,0,0,0,0,0,0,0,0,0,0,0,0,0,0,0,0,0,0,0,0,0,0,0
0,0,0,0,0,0,0,0,0,0,0,0,0,0,0,0,27,56.70000076,35.09999847,0,0,0,0,0,0,0,0,0,0,0,0,0,0,0,0,0,0,0,0,0,0,0,0,0,0,19.04000092,73.44000244,106.0500031,79.43000031,45.29999924,64.08000183,14.39999962,0,0,0,0,0,4.739999771,0,0,16.59000015,23.70000076,0,0,0,0,0,0,0,15.84000015,28.14999962,40.45999908,34.68000031,39.95999908,20.22999954,0,0,0,0,64.45999908,88.66000366,71.5,29.36000061,65.26000214,15.06000042,46.36000061,60.31999969,2.319999933,0,4.199999809,0,0,0,0,0,0,0,0,0,0,0,0,0,0,0,0,0,0,0,0,0,0,0,0,0,0,0,0,0,0,0,0,0,0,0,0,0,0,0,0,0,0,2.390000105,0,0,0,0,0,0,0,0,2.390000105,0,0,2.390000105
0,0,0,0,0,0,0,0,0,0,0,0,0,0,0,0,5.400000095,13.5,2.700000048,45.90000153,0,0,0,0,0,0,0,0,0,0,0,0,0,5.019999981,12.55000019,0,0,0,0,0,0,0,0,0,0,61.54999924,62.33000183,73.19999695,24.38999939,14.10000038,55.56000137,40.81999969,0,0,0,0,0,0,0,0,9.479999542,28.44000053,7.110000134,0,0,0,0,0,0,7.920000076,43.86000061,42.54000092,60.68999863,31.79000092,41.02999878,16.45000076,0,0,0,0,17.15999985,57.20000076,50.20000076,30.06999969,54.31000137,69.98000336,77.27999878,12.60000038,2.099999905,0,0,0,0,0,0,0,0,0,0,0,0,0,0,0,0,0,0,0,0,0,0,0,0,0,0,0,0,0,0,0,0,0,0,0,0,0,0,0,0,0,0,0,0,0,0,0,0,0,0,0,0,2.390000105,0,0,2.390000105
0,0,0,0,0,0,0,0,0,0,0,0,0,0,0,0,0,0,0,54,0,0,0,0,0,0,0,0,0,0,0,0,0,57.72999954,65.26000214,2.50999999,0,0,0,0,0,0,0,0,0,43.65000153,75.66000366,78.79000092,21.68000031,0,50.75999832,28.14999962,40.97000122,0,0,0,0,0,0,0,0,4.739999771,33.18000031,0,12.38000011,3.819999933,0,0,0,2.640000105,36.40000153,28.36000061,54.90999985,38.93999863,38.70000076,49.04999924,23.14999962,0,0,0,0,0,25.01000023,82.5,82.72000122,90.81999969,52.5,0,0,5.019999981,0,0,5.159999847,0,0,0,0,0,0,0,0,0,0,0,0,0,0,0,0,0,0,0,0,0,0,0,0,0,0,0,0,0,0,0,0,0,0,0,0,0,0,0,0,0,0,0,0,0,0,0,0,0,0,0,0
0,0,0,0,0,0,0,0,0,0,0,0,0,0,0,0,0,0,0,18.23999977,0,0,0,0,0,0,2.50999999,75.30000305,12.55000019,5.019999981,0,0,37.65000153,57.72999954,65.26000214,20.07999992,0,0,0,0,0,0,0,0,2.910000086,50.83000183,69.83999634,79.19000244,0,0,47.93999863,25.37999916,60.25,31.32999992,0,0,0,0,0,0,0,0,23.70000076,18.95999908,27.65999985,5.730000019,0,0,0,2.599999905,42,0,56,37.93999863,44,36,39.15000153,0,0,0,0,11.19999981,70.31999969,74.16000366,79.80000305,54.59999847,0,0,0,0,0,33.54000092,5.159999847,0,0,0,0,0,0,0,0,0,0,0,0,0,0,0,0,0,0,0,0,0,0,0,0,0,0,0,0,0,0,0,0,0,0,0,0,0,0,0,0,0,0,0,0,0,0,0,0,0,0,0,0
0,0,0,0,0,0,0,0,0,0,0,0,0,0,0,0,28.04999924,12.75,0,2.369999886,7.110000134,0,0,0,0,0,0,0,0,20.07999992,0,0,67.76999664,82.83000183,32.63000107,0,0,0,0,0,0,0,0,0,23.39999962,53.24000168,72.75,57.81999969,0,0,42.06000137,25.37999916,60.86999893,85.18000031,16.31999969,0,0,0,0,0,0,0,11.85000038,21.93000031,40.11000061,24.82999992,0,15.60000038,7.800000191,65,81,58.79999924,63.70000076,56.74000168,42.84999847,32.47999954,18.10000038,0,0,15.68000031,24.63999939,46.31000137,40.31999969,24.68000031,61.70000076,12.60000038,0,0,0,0,0,20.63999939,0,0,0,0,0,0,0,0,0,0,0,0,0,0,0,0,0,0,0,0,0,0,0,0,0,0,2.24000001,2.24000001,0,0,0,0,0,0,0,0,0,0,0,0,0,0,0,0,0,0,0,0,0,0,0,0,0
0,0,0,0,0,0,0,0,0,0,0,0,0,0,0,0,2.549999952,43.34999847,0,9.479999542,28.44000053,2.369999886,0,0,0,0,0,1.809999943,0,30.12000084,20.07999992,2.50999999,122.9899979,45.18000031,0,0,0,0,0,0,0,0,0,0,36.29999924,39,46.79999924,36.40000153,16.92000008,41.34000015,40.5,18.89999962,60.74000168,46.15999985,70.72000122,0,0,0,0,0,0,0,0,1.909999967,26.73999977,55.11000061,64.81999969,111.2799988,74.62000275,69.68000031,64.86000061,49.86000061,42.84000015,49.97999954,42.36000061,54.04999924,0,0,15.68000031,44.72999954,46.00999832,64.88999939,6,58,48,0,0,0,0,5.019999981,15.27000046,0,0,0,0,0,0,0,0,0,0,0,0,0,0,0,0,0,0,0,0,0,0,0,0,0,0,0,0,0,0,0,0,0,0,0,0,0,0,0,0,0,0,0,0,0,0,0,2.390000105,9.56000042,14.34000015,2.390000105,0,0,2.390000105
0,0,0,0,0,0,0,0,0,0,0,0,0,0,0,0,0,17.48999977,16.59000015,24.78000069,48.29999924,56.88000107,0,0,0,5.429999828,7.360000134,27.60000038,31.28000069,11.03999996,73.44999695,107.9300003,17.56999969,0,0,0,0,0,0,0,0,0,0,2.299999952,85.09999847,46.79999924,0,12.5,32.5,52.59999847,70.19999695,59.40000153,9.670000076,63.43999863,42.11999893,32.63999939,0,0,0,0,0,0,0,0,5.730000019,61.13999939,129.1999969,54.56000137,64.48000336,38.59999847,33.34000015,40.88000107,49.22000122,49.5,45.88000107,18.79999924,0,0,23.25,53.47999954,56.88999939,59.49000168,76.08000183,58,2,0,0,0,40.15999985,47.68999863,7.53000021,0,0,0,0,0,0,0,0,0,0,0,0,0,0,0,0,0,0,0,0,0,0,0,0,0,0,0,0,2.24000001,0,0,0,0,0,0,0,0,0,0,0,0,0,0,0,0,0,0,21.51000023,50.18999863,26.69000053,19.21999931,19.31999969,0,0
0,0,0,0,0,0,0,0,0,0,0,0,0,0,0,0,15.30000019,46.47999954,54.95000076,59.59000015,64.01000214,73.70999908,43.43999863,0,0,30.95000076,93.20999908,52.97000122,11.03999996,31.28000069,77.80999756,97.88999939,55.22000122,17.56999969,0,0,0,0,0,0,0,0,0,29.89999962,126.5,15.60000038,32.5,62.5,65,84.41000366,80.83999634,45.40000153,54.58000183,63.43999863,59.95999908,64.40000153,10.11999989,0,0,0,0,0,0,0,0,28.04000092,55,32,86.08000183,39.74000168,0,17.52000046,107.2799988,74.51999664,34.24000168,0,0,0,37.09000015,36.59000015,11.46000004,23.43000031,55.38000107,29.52000046,11.19999981,0,0,7.53000021,47.68999863,15.06000042,0,0,0,0,0,0,0,0,0,0,0,0,0,0,0,0,0,0,0,0,0,0,0,0,0,0,0,0,0,0,0,0,0,0,0,0,0,0,0,0,0,0,0,0,0,0,0,4.78000021,26.29000092,33.81000137,17.03000069,17.07999992,2.440000057,0,0
0,0,0,0,0,0,0,0,0,0,0,0,0,0,5.099999905,22.95000076,40.79999924,26.82999992,16.73999977,32.97999954,25.21999931,43.81000137,53.81999969,74.20999908,18.10000038,88.72000122,103.3199997,18.10000038,0,3.700000048,0,16.90999985,22.59000015,32.63000107,12.55000019,0,0,0,0,0,0,0,0,20.70000076,0,5.78000021,71.47000122,50,57.5,52.20000076,117.5400009,57.20000076,84.66000366,84.11000061,74.62999725,55.70000076,65.77999878,17.70999908,0,0,0,0,0,0,0,0,33,24.79999924,50,0,0,20.44000053,63.27999878,85.68000031,20.12000084,0,0,0,94.47000122,0,0,0,40.56999969,38.08000183,0,0,0,39.11000061,29.90999985,0,0,0,0,0,0,0,0,0,0,0,0,0,0,0,0,0,0,0,0,0,0,0,0,0,0,0,0,0,0,0,0,0,0,0,0,0,0,0,0,0,0,0,0,0,0,0,0,2.390000105,7.269999981,21.95999908,2.440000057,19.52000046,0,0,0
0,0,0,0,0,0,0,0,0,0,2.430000067,12.14999962,7.289999962,0,2.549999952,0,0,0,0,0,0,1.850000024,1.850000024,25.65999985,79.76000214,70.62999725,1.809999943,0,0,0,0,0,0,1.850000024,0,4.460000038,0,0,0,0,0,0,0,0,0,40.45999908,78.02999878,63.58000183,49.13000107,46.41999817,124.4100037,70.51000214,83.48999786,85.05999756,76.19999695,72.43000031,65.16999817,25.29999924,15.06000042,0,0,0,0,0,0,0,0,0,0,8.760000229,0,17.34000015,72.09999847,71.86000061,42.20000076,27.60000038,27.29999924,22.23999977,62.31000137,0,0,0,29.12000084,24.63999939,0,0,0,53.68000031,24.61000061,0,0,0,0,0,0,0,0,0,0,0,0,0,0,0,0,2.24000001,2.24000001,0,0,0,0,0,0,0,0,0,0,0,0,0,0,0,0,0,0,0,0,0,0,0,0,0,0,0,0,0,0,0,24.39999962,26.73999977,21.95999908,12.19999981,0,0,0
2.430000067,4.860000134,2.430000067,0,0,0,0,0,0,0,0,0,2.430000067,0,0,0,0,0,0,0,0,0,0,42.54999924,53.65000153,47.86000061,21.76000023,5.429999828,0,1.850000024,0,0,0,0,0,11.14999962,0,2.230000019,13.38000011,2.230000019,0,6.690000057,0,0,4.199999809,63.79000092,70.90000153,27.29999924,42,122.5,90.52999878,85.30999756,75.87000275,38.68000031,71.30000305,63.29999924,15.35999966,17.63999939,63.15999985,67.72000122,0,0,0,0,0,0,0,0,0,0,5.840000153,40.04000092,54.34000015,57.20000076,50.56999969,39.02000046,57.36000061,18.79999924,35.15000153,11.19999981,0,8.960000038,31.36000061,0,0,0,0,0,14.64000034,0,0,0,0,0,0,0,0,0,0,0,0,0,0,0,0,0,0,0,0,0,0,0,0,0,0,0,0,0,0,0,0,0,0,0,0,0,0,0,0,0,8.960000038,0,0,0,0,0,0,0,4.880000114,0,14.39000034,0,0,0,0
0,0,0,2.430000067,0,0,0,0,0,0,0,0,0,0,0,0,0,0,0,0,0,0,1.850000024,5.550000191,1.850000024,11.10000038,0,14.80000019,0,0,0,0,0,0,0,37.90999985,78.05000305,64.66999817,46.83000183,46.83000183,26.76000023,35.68000031,11.14999962,0,4.519999981,0,0,18.89999962,18.89999962,102.4000015,91.34999847,26.10000038,58.11000061,52.90000153,66.13999939,49.91999817,5.760000229,35.27999878,52.95999908,61.68000031,92.59999847,12.05000019,0,0,0,0,0,0,4.860000134,60.75,52.88999939,36.52999878,26.94000053,43.68000031,54.59999847,40.95000076,30.87000084,26.70000076,17.92000008,8.960000038,29.12000084,13.43999958,0,0,0,0,0,0,21.95999908,0,0,0,0,0,0,0,0,0,0,0,0,0,0,0,0,0,0,0,0,0,0,0,0,0,0,0,0,0,0,0,0,0,0,0,0,0,0,0,0,0,4.480000019,0,0,0,0,0,0,0,0,0,0,0,4.78000021,0,0
0,0,0,0,0,0,0,0,0,0,0,0,0,0,0,0,0,0,0,0,0,0,7.400000095,7.400000095,0,0,0,1.850000024,0,0,0,0,0,0,0,11.14999962,4.460000038,17.84000015,8.920000076,2.230000019,0,0,0,0,0,0,0,0,16.79999924,47.22000122,54.81000137,59.61999893,31.12999916,70.30000305,63.74000168,38.88000107,21.12000084,52.31999969,49.95999908,69.79000092,64.5,60.70000076,4.440000057,0,0,0,0,0,17.01000023,55.70999908,62.04000092,61.61999893,42.65999985,73.73999786,72.95999908,47.27999878,0,24.89999962,0,4.840000153,6.480000019,0,0,0,0,0,0,14.64000034,36.99000168,47.65999985,26.84000015,0,0,0,0,0,0,0,0,0,0,0,0,0,0,0,0,0,0,0,0,0,0,0,0,0,0,0,0,0,0,0,0,0,0,0,0,0,0,0,0,0,0,0,0,0,0,0,0,0,0,0,0,0,0
14.57999992,2.430000067,0,0,0,0,0,0,0,0,0,0,0,20.35000038,0,0,0,0,1.850000024,0,0,0,7.400000095,0,0,0,0,0,0,0,0,0,0,0,0,0,0,0,0,0,0,0,0,0,0,0,0,0,0,0,33.93000031,30.46999931,53.77000046,37.11999893,41.54000092,60.47999954,54.74000168,54.52000046,79.88999939,51.93999863,64.95999908,106.3899994,62.47999954,21.42000008,53.77999878,0,11.60000038,0,23.20000076,23.70000076,89.61000061,71.09999847,16.59000015,45.56999969,14.76000023,59.04000092,2.029999971,41.81999969,23.62000084,33.09999847,70.18000031,14.52000046,0,0,0,10.27999973,25.70000076,46.31000137,59.83000183,56.54000092,34.41999817,0,0,0,0,0,0,0,0,0,0,0,0,0,0,0,0,0,0,0,0,0,0,0,0,0,0,0,0,0,0,0,0,0,0,0,0,0,0,0,0,0,0,0,0,0,0,0,2.440000057,0,4.829999924,0,0,0,0
4.860000134,17.01000023,0,0,0,0,0,0,0,0,0,0,0,16.64999962,0,4.619999886,3.700000048,16.64999962,18,24,3.849999905,1.850000024,0,0,0,0,0,0,0,0,0,0,0,2.309999943,0,0,0,0,0,0,0,0,0,0,0,2.25999999,36.15999985,0,0,0,0,2.25999999,5.659999847,54.06000137,30.23999977,59.08000183,42.84000015,39.47999954,33.72999954,39.88000107,75.72000122,134.9299927,108.6800003,76.91999817,107.5,140.4400024,84.40000153,2.319999933,0,0,49.83000183,18.71999931,93.44000244,60.84000015,69.23999786,75.95999908,42.63000107,64.95999908,28.42000008,38.72000122,33.88000107,21.78000069,0,0,0,15.42000008,17.38999939,21.34000015,63.79999924,78.91000366,15.05000019,0,0,0,0,0,0,0,0,0,0,0,0,0,0,0,0,0,0,0,0,0,0,0,0,0,0,0,0,0,0,0,0,0,0,0,0,0,0,0,0,0,0,0,2.24000001,0,2.440000057,0,0,0,0,0,0,0,0
0,0,0,0,0,0,0,0,0,0,0,0,0,0,0,50.5,42.36999893,57.93000031,44,52,10,2,0,0,0,1.850000024,0,0,0,0,0,0,0,0,0,0,0,0,0,0,0,0,0,0,0,0,0,0,0,0,0,20.34000015,97.91999817,47.93000031,56.00999832,72.44999695,43.25999832,50.40000153,69.55999756,36.58000183,98.70999908,36.15000153,91.37000275,132.1799927,130.3200073,145.2799988,46.20000076,20.67000008,0,25.44000053,58.25999832,140.1999969,90.40000153,122.4000015,87.66000366,107.9199982,106.4000015,76.40000153,22.34000015,53,0,0,0,0,0,15.11999989,24.35000038,21.78000069,93.27999878,81.40000153,79.94000244,9.170000076,0,0,0,0,0,0,0,0,0,0,0,0,0,0,0,0,0,0,0,0,0,0,0,0,0,0,0,0,0,0,0,0,0,0,0,0,0,0,0,0,0,0,0,0,0,0,0,0,0,0,0,0,0
0,0,0,0,0,0,0,0,0,0,0,0,0,0,0,66.91000366,93.58999634,54.24000168,28.29999924,36,18,0,0,0,0,0,0,0,0,0,0,0,0,0,0,0,0,0,0,0,0,0,0,0,0,0,0,2.25999999,2.25999999,9.039999962,13.56000042,40.68000031,49.72000122,101.9800034,12.05000019,51.33000183,70.48000336,42.29999924,44.09999847,77.12000275,79.55000305,0,42,78.43000031,131.0700073,154.1799927,132.3000031,106.7399979,0,19.07999992,10.5,82.66000366,56.59999847,95.76000214,29.63999939,67.65000153,131.3899994,70.84999847,53.04000092,37.20000076,2.460000038,0,0,0,0,2.420000076,16.94000053,24.20000076,42.90000153,80.51999664,13.19999981,0,0,0,0,0,0,0,0,0,0,0,0,0,0,0,0,0,0,0,0,0,0,0,0,0,0,0,0,0,0,0,0,0,0,0,0,0,0,0,0,0,0,0,0,0,0,0,0,0,0,0,0,0,0
0,0,0,0,0,0,0,0,0,0,0,0,0,0,0,0,36.88000107,35.91999817,44.13999939,37.06000137,28.92000008,0,0,0,0,0,0,0,0,0,0,0,0,0,0,0,0,0,0,0,0,0,0,0,0,0,0,0,0,0,0,2.25999999,27.12000084,9.039999962,16.56999969,71.88999939,73.91999817,157.7599945,86.69999695,99.73000336,42.70000076,89.90000153,17.37999916,36.83000183,87.88999939,129.0099945,177.6600037,107.2099991,85.80000305,27.03000069,0,156.8200073,13.26000023,136.2299957,34.20000076,15.53999996,115.4400024,107.6399994,87.72000122,27.05999947,34.43999863,4.880000114,0,0,0,16.94000053,75.01999664,67.76000214,16.94000053,9.680000305,0,0,0,0,0,0,0,0,0,0,0,0,0,0,0,0,0,0,0,0,0,0,0,0,0,0,0,0,0,0,0,0,0,0,0,0,0,0,0,0,0,0,0,0,0,0,0,0,0,0,0,0,0,0,0
0,0,0,0,0,0,0,0,0,0,0,0,0,0,0,0,13.38000011,40.66999817,36.90000153,31.97999954,7.380000114,0,0,0,0,0,0,0,0,0,0,0,0,0,0,0,0,0,0,0,0,0,0,0,0,0,0,0,0,0,0,0,0,0,11.30000019,54.09999847,90,23.20000076,86.12999725,102.9000015,25.76000023,101.4300003,9.659999847,152.5,128.8800049,56.43000031,25.40999985,137.3999939,51,0,1.909999967,104.5400009,121.4100037,41.04000092,0,0,8.159999847,59.15999985,109.7399979,38.38000107,71.83999634,19.68000031,0,0,2.420000076,55.65999985,67.76000214,43.56000137,0,0,4.840000153,4.840000153,0,0,0,0,0,0,0,0,0,0,0,0,0,0,0,0,0,0,0,0,0,0,0,0,0,0,0,0,0,0,0,0,0,0,0,0,0,0,0,0,0,0,0,0,0,0,0,0,0,0,0,0,0
0,0,0,0,0,0,0,0,0,0,0,0,0,0,0,0,0,31.97999954,31.97999954,22.13999939,0,0,0,0,0,0,0,0,0,0,0,0,0,0,0,0,0,0,0,0,0,0,0,0,0,0,0,0,0,0,0,0,0,0,2.410000086,0,2,0,0,3.220000029,0,0,0,62.31000137,69.44999695,121.0800018,43.88999939,40.79999924,0,0,0,53.47999954,64.55999756,108.1299973,82.05000305,48.24000168,0,38.75999832,74.41999817,128.7599945,74.23999786,23.20000076,0,1.809999943,24.15999985,64.63999939,53.74000168,31.64999962,0,0,0,0,0,0,0,0,0,0,0,0,0,0,0,0,0,0,0,0,0,0,0,0,0,0,0,0,0,0,0,0,0,0,0,0,0,0,0,0,0,0,0,0,0,0,0,0,0,0,0,0,0,0,0,0,0
0,0,0,0,0,0,0,0,0,0,0,0,0,0,0,0,7.380000114,27.05999947,19.68000031,3.700000048,0,0,0,0,0,0,0,0,0,0,0,0,0,0,0,0,0,0,0,0,0,0,0,0,0,0,0,0,0,0,0,0,0,0,0,0,0,0,0,0,0,22.54000092,25.76000023,8.039999962,0,0,87.83999634,169.1100006,28.64999962,0,0,26.73999977,52.22000122,72.16000366,130.2899933,96.48000336,76,125.9000015,101.5,99.47000122,46.40000153,10.97000027,18.98999977,27.14999962,48.86999893,45.22999954,65.41000366,52.75,2.430000067,0,0,0,0,0,0,0,0,0,0,0,0,0,0,0,0,0,0,0,0,0,0,0,0,0,0,0,0,0,0,0,0,0,0,0,0,0,0,0,0,0,0,0,0,0,0,0,0,0,0,0,0,0,0,0,0
0,0,0,0,0,0,0,0,0,0,0,0,0,0,0,0,2.460000038,17.21999931,4.920000076,0,0,0,0,0,0,0,0,0,0,0,0,0,0,0,0,0,0,0,0,0,0,0,0,0,0,0,0,0,0,0,0,0,0,0,0,0,0,0,0,0,0,0,4.829999924,20.10000038,30.14999962,49.04999924,100.7200012,189.6100006,55.25999832,22.31999969,16.88999939,35.25,5.099999905,11.39999962,198.2100067,160.4100037,47.93000031,15.96000004,58.86999893,22.32999992,0,8.43999958,29.54000092,0,5.429999828,27.14999962,29.87000084,38.88000107,17.01000023,0,0,0,0,0,0,0,0,0,0,0,0,0,0,0,0,0,0,0,0,2.24000001,0,0,0,0,0,0,0,0,0,0,0,0,0,0,0,0,0,0,0,0,0,0,0,0,0,0,0,0,0,0,0,0,0,0,0
0,0,0,0,0,0,0,0,0,0,0,0,0,0,0,0,0,0,0,0,0,0,0,0,4.619999886,0,0,0,0,0,0,0,12.05000019,9.640000343,2.410000086,21.69000053,2.410000086,0,0,0,0,0,0,0,0,0,0,0,0,0,0,0,0,0,0,0,0,0,0,0,0,0,0,0,10.05000019,49.68000031,96.23999786,90.41000366,77.63999939,108.7699966,4.829999924,17.70999908,11.72000027,45.68999863,77.51999664,107.3799973,86.69000244,55.84000015,38.09000015,4.260000229,9.93999958,21.10000038,33.75999832,6.329999924,0,24.14999962,42.45000076,36.45000076,12.14999962,0,0,0,0,2.24000001,0,0,0,0,0,0,0,0,0,0,0,0,0,0,0,0,0,0,0,0,0,0,0,0,0,0,0,0,0,0,0,0,0,0,0,0,0,0,0,0,0,0,0,0,0,0,0,0,0,0,0
0,0,0,0,0,0,0,0,0,0,0,0,0,0,0,0,0,0,0,0,0,0,0,0,0,0,0,2.309999943,0,0,0,0,12.05000019,16.87000084,2.410000086,31.32999992,21.69000053,4.820000172,0,0,0,0,0,0,0,0,0,0,0,0,0,0,0,0,0,0,0,0,0,0,0,0,0,0,0,0,0,0,36.61000061,37.02999878,12.88000011,1.929999948,0,49.15999985,30.42000008,112.6699982,73.84999847,123.8399963,71.23000336,51.11999893,15.61999989,34.68999863,34.56999969,18.82999992,21.10000038,8.479999542,49.68999863,34.02000046,14.57999992,0,0,0,0,2.24000001,0,0,0,0,0,0,0,0,0,0,0,0,0,0,0,0,0,0,0,0,0,0,0,0,0,0,0,0,0,0,0,0,0,0,0,0,0,0,0,0,0,0,0,0,0,0,0,0,0,0,0
0,0,0,0,0,0,0,0,0,0,0,0,0,0,0,0,0,0,0,0,0,0,0,0,0,0,0,0,0,0,9.239999771,0,0,0,0,0,2.410000086,2.410000086,9.640000343,0,0,0,0,0,0,0,0,0,0,0,0,0,0,0,0,0,0,0,0,0,0,0,0,0,0,0,0,0,0,9.06000042,43.18000031,43.11000061,36.66999817,56.93999863,137.3600006,195.4199982,74.70999908,51.09000015,35.74000168,19.11000061,0,10.96000004,47.88999939,12.65999985,46.41999817,4.21999979,7.289999962,9.720000267,7.289999962,0,0,0,0,0,0,0,0,0,0,0,0,0,0,0,0,0,0,0,0,0,0,0,0,0,0,0,0,0,0,0,0,0,0,0,0,0,0,0,0,0,0,0,0,0,0,0,0,0,0,0,0,0,0,0,0
0,0,0,0,0,0,0,0,0,0,0,0,0,0,0,0,0,0,0,0,0,0,0,0,0,0,0,0,0,0,0,0,0,0,0,0,0,0,0,14.46000004,4.820000172,0,0,0,0,0,0,0,0,0,0,0,0,0,0,0,0,0,0,0,0,0,0,0,0,0,0,0,0,1.50999999,24.15999985,18.04000092,17.37000084,44.38999939,99.20999908,113.9800034,36.13000107,78.69000244,55.72000122,34.08000183,0,0,52.77999878,24.60000038,0,0,0,4.860000134,0,0,0,0,0,0,0,0,0,0,0,0,0,0,0,0,0,0,0,0,0,0,0,0,0,0,0,0,0,6.71999979,0,0,0,0,0,0,0,0,0,0,0,0,0,0,0,0,0,0,0,0,0,0,0,0,0,0,0
0,0,0,0,0,0,0,0,0,0,0,0,0,0,0,0,0,0,0,0,0,0,0,0,0,0,0,0,0,0,0,0,0,0,0,0,0,0,0,0,0,0,0,0,0,0,0,0,0,0,0,0,0,0,0,0,0,0,0,0,0,0,0,0,0,0,0,1.50999999,36.24000168,54.36000061,0,0,5.789999962,44.38999939,118.9000015,97.48999786,56.72999954,0,13.43999958,33.59999847,138.8800049,77.83999634,0,4.059999943,0,0,0,2.430000067,0,0,0,0,0,0,0,0,0,0,0,0,0,0,0,0,0,0,0,0,0,0,0,0,0,0,0,0,0,0,0,0,0,0,0,0,0,0,0,0,0,0,0,0,0,0,0,0,0,0,0,0,0,0,0,0,0
0,0,0,0,0,0,0,0,0,0,0,0,0,0,0,0,0,0,0,0,0,0,0,0,0,0,0,0,0,0,0,0,0,0,0,0,0,0,0,0,0,0,7.230000019,0,0,0,0,0,0,0,0,0,0,0,0,5.059999943,5.059999943,35.27999878,30.23999977,20.15999985,15.60999966,14.14000034,28.28000069,10.10000038,0,0,0,1.50999999,31.70999908,10.56999969,0,0,3.859999895,76.13999939,101.1999969,101.1999969,0,0,0,29.12000084,64.33000183,55.43999863,0,0,17.04000092,12.97999954,0,0,0,0,0,0,0,0,0,0,0,0,0,0,0,0,0,0,0,0,0,0,0,0,0,0,0,0,0,0,0,0,0,0,0,0,0,0,0,0,0,0,0,0,0,0,0,0,0,0,0,0,0,0,0,0,0,0,0
0,0,0,0,0,0,0,0,0,0,0,0,0,0,0,0,0,0,0,0,0,0,0,0,0,0,0,0,0,0,0,0,0,0,0,0,0,0,0,0,0,0,2.410000086,2.410000086,0,0,0,4.820000172,0,0,0,0,0,0,0,48.06999969,68.25,49.81999969,29.65999985,46.91999817,42.36999893,50.86999893,40.97999954,2.019999981,0,0,0,0,3.019999981,3.019999981,0,0,1.929999948,93.23999786,113.3199997,86.44000244,0,0,0,0,0,0,0,0,4.059999943,0,0,0,0,4.480000019,4.480000019,0,0,0,0,0,0,0,0,0,0,0,0,0,0,0,0,0,0,0,0,0,0,0,0,0,0,0,0,0,0,0,0,0,0,0,0,0,0,0,0,0,0,0,2.24000001,0,0,4.480000019,0,0,0,0,0,0,0
0,0,0,0,0,0,0,0,0,0,0,0,0,0,0,0,0,0,2.309999943,0,0,0,0,0,0,0,0,0,0,0,0,0,0,0,0,0,0,0,0,2.410000086,0,0,0,0,0,0,0,0,0,0,0,0,0,0,0,22.77000046,40.36999893,61.54999924,47.20999908,68.73000336,50.34999847,54.77999878,27.46999931,13.38000011,0,0,0,0,0,6.039999962,11.18999958,19.97999954,0,22.20000076,79.91999817,0,0,0,0,0,0,0,0,2.029999971,0,0,0,0,0,0,4.480000019,24.63999939,26.87999916,0,0,0,4.480000019,2.24000001,0,0,0,0,0,0,0,0,0,0,0,0,0,0,2.24000001,0,0,0,0,0,0,0,0,0,0,0,0,0,0,0,0,0,0,0,0,0,0,0,0,0,0,0,0,0,0,0,0
0,0,0,0,0,0,0,0,0,0,0,0,0,0,0,0,0,0,0,0,0,0,0,0,0,0,0,0,0,0,0,0,0,0,0,0,0,0,0,0,0,0,0,0,0,0,0,0,0,0,0,0,24.10000038,69.88999939,40.97000122,33.97999954,53.13000107,66,42,42,44.45000076,50.34999847,47.70000076,35.59999847,4.039999962,14.14000034,0,0,0,1.50999999,0,26.63999939,42.18000031,0,0,0,0,0,0,0,0,0,0,0,0,0,0,0,0,2.029999971,0,11.19999981,0,0,0,0,0,0,0,0,0,0,0,0,0,0,0,0,0,0,0,0,0,0,0,0,0,0,0,0,0,0,0,0,0,0,0,0,0,0,0,0,0,0,0,0,0,0,0,0,0,2.440000057,0,0,2.440000057
0,0,0,0,0,0,0,0,0,0,0,0,0,0,0,0,0,0,0,0,0,0,0,0,0,0,0,0,0,0,0,0,0,0,0,0,0,0,0,0,0,0,0,0,0,0,0,0,0,0,0,0,0,72.30000305,50.61000061,79.65000153,49.56999969,53.5,59.38000107,54.36999893,60.81000137,55.81000137,49.29999924,39.18000031,42.41999817,47.99000168,35.09999847,0,0,0,0,44.47000122,19.44000053,0,0,0,0,0,0,0,0,0,0,0,0,0,0,0,0,0,0,0,2.24000001,2.24000001,0,4.480000019,0,0,0,0,0,0,0,0,0,0,0,0,0,0,0,0,0,0,0,0,0,0,0,0,0,0,0,0,0,0,0,0,0,0,0,0,0,0,0,0,0,0,0,0,0,0,0,0,0
0,0,0,0,0,0,0,0,0,0,0,0,0,0,0,0,0,0,0,0,0,0,0,0,0,0,0,0,0,0,0,0,0,0,0,0,0,0,0,0,0,0,0,0,0,0,0,0,0,0,0,0,0,9.640000343,45.79000092,75.19000244,45.54000092,51,47.72000122,51.29000092,55.25999832,56.20000076,39.34000015,36.52999878,85.84999847,88.91999817,27.29999924,33.15000153,8.010000229,18.18000031,50.5,110.4300003,17.01000023,0,0,0,0,0,0,0,0,0,0,0,0,0,0,0,0,0,0,0,0,0,15.68000031,31.36000061,0,0,0,0,0,0,0,0,0,0,0,0,0,0,0,0,0,0,0,0,0,0,0,0,0,0,0,0,0,0,0,0,0,0,0,0,0,0,0,0,0,0,0,0,2.440000057,0,0,0,0
0,0,0,0,0,0,0,0,0,0,0,0,0,0,0,0,0,0,0,0,0,0,0,0,0,0,0,0,0,0,0,0,0,0,0,0,0,0,0,0,0,0,0,0,0,0,0,0,0,0,0,0,0,0,14.46000004,50.84999847,17.70999908,24,27,28.98999977,30.23999977,56.20000076,19.67000008,0,5.789999962,38.63999939,23.37999916,19.5,22.07999992,28.28000069,54.15999985,58.31999969,19.38999939,14.27999973,4.760000229,0,0,0,0,0,0,0,0,0,0,0,0,0,0,0,0,0,0,0,0,2.24000001,4.480000019,0,0,0,0,0,0,0,0,0,0,0,0,0,0,0,0,0,0,0,0,0,0,0,0,0,0,0,0,0,0,0,0,0,0,0,0,0,0,0,0,0,0,0,0,0,0,0,0
0,0,0,0,0,0,0,0,0,0,0,0,0,0,0,0,2.309999943,0,0,0,0,0,0,0,0,0,0,0,0,0,0,0,0,0,0,0,0,0,0,0,0,0,0,0,0,0,0,0,0,0,0,0,0,0,0,0,0,0,0,0,0,0,0,0,0,36.86999893,27.87000084,5.849999905,4.039999962,27.89999962,31.59000015,31.23999977,19.04000092,52.29999924,80.01999664,55.79999924,23.76000023,2.160000086,0,0,0,0,0,0,0,0,0,0,0,0,0,0,0,0,0,0,2.24000001,17.92000008,0,0,0,0,0,0,0,0,0,0,0,0,0,0,0,0,0,0,0,0,0,0,0,0,0,0,0,0,0,0,0,0,0,0,0,0,0,0,0,0,0,0,0,0,0,0,0
0,0,0,0,0,0,0,0,0,0,0,0,0,0,0,0,0,0,0,0,0,0,0,0,0,0,0,0,0,0,0,0,0,0,0,0,0,0,0,0,0,0,0,0,0,0,0,0,0,0,0,0,0,0,0,0,0,0,0,0,0,0,22.68000031,15.11999989,42.84000015,30.23999977,7.559999943,10.35999966,31.92000008,10.64000034,17.01000023,17.01000023,38.22999954,51.04000092,58,51.13000107,69.48000336,34.56000137,19.44000053,0,0,0,0,0,4.880000114,0,0,0,0,0,0,0,0,0,0,0,0,4.480000019,2.24000001,2.24000001,0,0,0,0,0,0,0,0,0,0,0,0,0,0,0,0,0,0,0,0,0,0,2.24000001,0,0,0,0,0,0,0,0,0,0,0,0,0,0,0,0,0,0,0,0,0,0
0,0,0,0,0,0,0,0,0,0,0,0,0,0,0,0,0,0,0,0,0,0,0,0,2.410000086,0,0,0,0,0,0,0,0,0,0,0,0,0,0,0,0,0,0,0,0,0,0,0,0,0,0,0,0,0,0,0,0,0,0,0,0,0,20.15999985,27.71999931,7.559999943,17.63999939,25.34000015,21.28000069,31.92000008,66.5,59.63999939,35.36000061,30.39999962,88.16000366,32.91999817,53.34999847,66.93000031,85.80000305,41.31000137,21.60000038,0,0,0,0,0,0,0,0,0,0,0,0,0,0,0,0,0,0,6.71999979,8.960000038,0,0,0,0,0,0,0,0,0,0,0,0,0,0,0,0,0,0,0,0,0,2.24000001,4.480000019,2.24000001,0,0,0,0,0,0,0,0,0,0,0,0,0,0,0,0,0,0,0,0,2.519999981
0,0,0,0,0,0,0,0,0,0,0,0,0,0,0,0,0,0,0,0,0,0,0,0,0,0,0,0,0,0,0,0,0,0,0,0,0,0,0,0,0,0,0,0,0,0,0,0,0,0,0,0,0,0,0,0,0,0,0,0,0,12.60000038,20.15999985,20.15999985,15.11999989,12.73999977,29.12000084,18.62000084,42.72000122,50.86000061,111.1600037,89.51999664,36.24000168,82.95999908,72.27999878,102.8600006,44.47999954,58.20000076,68.91000366,23.76000023,0,0,0,0,0,0,0,0,0,0,7.320000172,0,0,0,0,0,0,0,2.24000001,2.24000001,0,0,0,0,0,0,0,0,0,0,0,0,4.480000019,0,0,0,0,0,0,0,0,0,0,0,0,0,0,0,0,0,0,0,0,0,0,0,0,0,0,0,0,0,0,0,0
0,0,0,0,0,0,0,0,0,0,0,0,0,0,0,0,0,0,0,0,0,0,2.480000019,0,0,0,0,0,0,0,0,0,0,0,0,0,0,0,0,0,0,0,0,0,0,0,0,0,0,0,0,0,0,0,0,0,0,0,0,0,0,30.07999992,12.60000038,10.07999992,21.13999939,21.28000069,29.26000023,10.46000004,47.65999985,79.44000244,92.40000153,95.40000153,63.36000061,30.57999992,38.91999817,47.25999832,24.04000092,71.27999878,27.51000023,4.320000172,0,0,0,7.320000172,7.320000172,4.880000114,0,9.760000229,2.440000057,4.880000114,0,0,0,0,0,0,0,0,0,0,0,2.24000001,0,0,0,0,0,0,0,0,0,0,0,0,0,0,0,0,0,0,0,0,0,0,0,0,0,0,0,0,0,0,0,0,0,0,0,0,0,0,0,0,0,0,0
0,0,0,0,0,2.480000019,0,0,0,0,0,0,0,0,0,0,0,0,0,0,0,0,0,0,0,0,2.299999952,0,0,0,0,0,0,0,0,0,0,0,0,0,0,0,0,0,0,0,0,0,0,0,0,0,0,0,0,0,0,0,0,0,2.440000057,24.39999962,14.46000004,25.85000038,26.15999985,21.14999962,40.25999832,71.40000153,69,74.19999695,86.66000366,66,36.95999908,0,0,89.76000214,71.27999878,108.2399979,63.36000061,0,0,0,0,0,0,0,0,4.880000114,2.440000057,0,0,0,0,0,0,0,0,0,0,0,4.480000019,0,0,0,0,0,0,0,0,0,0,0,0,0,0,0,0,0,0,0,0,0,0,0,0,0,0,0,0,0,0,0,0,0,0,0,0,0,0,2.519999981,0,0,0,0,0
0,0,0,0,0,0,0,0,0,0,0,0,0,0,0,0,0,0,0,0,0,0,0,0,0,0,0,0,0,0,0,0,0,0,0,0,0,0,0,0,0,0,0,0,0,0,0,0,0,0,2.410000086,7.230000019,7.230000019,0,0,4.820000172,0,0,0,0,0,0,0,0,0,7.050000191,68.15000153,84.65000153,20.79999924,33.84000015,23.76000023,15.84000015,0,0,0,0,0,15.84000015,102.9599991,26.39999962,0,0,0,0,0,0,2.440000057,2.440000057,7.320000172,2.440000057,0,0,0,0,0,0,0,4.880000114,0,0,0,6.880000114,0,2.24000001,0,0,0,0,0,0,0,0,0,0,0,0,0,0,0,4.480000019,0,2.24000001,0,0,0,0,0,0,0,0,0,0,0,0,0,0,0,0,0,15.11999989,0,0,0,0,0
0,0,0,0,0,0,0,0,0,0,0,0,0,0,0,0,0,0,0,0,0,0,0,0,0,0,0,0,0,0,0,0,0,0,0,0,0,0,0,0,0,0,0,0,0,0,0,0,0,2.410000086,2.410000086,0,0,0,0,0,0,0,0,0,0,0,0,0,0,4.699999809,46.40000153,36.40000153,0,0,0,0,0,0,0,0,0,0,0,0,0,0,0,0,0,0,0,0,2.440000057,7.320000172,0,0,0,0,0,0,0,0,0,0,0,2.400000095,4.480000019,0,0,0,0,0,0,0,0,0,0,0,0,0,0,0,0,0,0,0,0,0,0,0,0,0,0,0,0,5.039999962,0,0,0,0,0,2.519999981,0,0,0,0,0,0,0
0,0,0,0,0,0,0,0,0,0,0,0,0,0,0,0,0,0,0,0,0,0,0,0,0,0,0,0,0,0,0,0,0,0,0,0,0,0,0,0,0,0,0,0,0,0,0,0,0,0,0,0,0,0,0,0,0,0,0,0,0,0,0,0,0,0,0,0,0,0,0,0,0,0,0,0,0,0,0,0,0,0,0,2.440000057,0,0,0,0,2.440000057,2.440000057,0,0,0,0,0,0,0,0,0,0,0,0,4.800000191,0,0,0,0,0,0,0,0,0,0,0,0,0,0,0,0,2.299999952,0,0,0,0,0,0,0,0,0,2.519999981,0,0,0,0,4.260000229,5.039999962,0,0,0,0,0,0,0,0,0
0,0,0,0,0,0,0,0,0,0,0,0,0,0,0,0,0,0,0,0,0,0,0,0,0,0,0,0,0,0,0,0,0,0,0,0,0,0,0,0,0,0,0,0,0,9.760000229,0,0,0,0,0,0,0,0,0,0,0,0,0,0,0,0,0,0,0,0,0,0,0,0,0,0,0,0,0,0,0,0,0,0,0,0,0,0,19.52000046,0,0,0,0,0,0,0,0,0,0,0,0,0,0,0,0,0,11.68000031,0,0,0,0,0,0,0,0,0,0,0,0,0,0,0,0,2.299999952,0,0,0,0,0,0,0,0,0,0,0,0,0,0,0,0,0,0,0,0,0,0,0,0,0
0,0,0,0,0,0,0,0,0,0,0,0,0,0,0,0,0,0,0,0,0,0,0,0,0,0,0,0,0,0,0,0,0,0,0,0,0,0,0,0,0,0,0,0,0,2.440000057,0,0,0,0,0,0,0,0,0,0,0,2.440000057,0,0,0,0,0,0,0,0,0,0,0,0,0,0,0,0,2.440000057,0,0,0,0,0,0,0,0,0,14.64000034,9.760000229,7.320000172,2.440000057,0,0,0,0,0,0,0,0,0,0,0,0,0,0,2.400000095,0,0,0,0,0,0,0,2.24000001,0,0,0,0,0,0,0,9.199999809,0,0,0,0,0,0,0,0,0,0,0,0,0,0,0,0,0,0,0,0,0,0,0,0,2.130000114,0
0,0,0,0,0,0,0,0,0,0,0,0,0,0,0,0,0,0,0,0,0,0,0,0,0,0,0,0,0,0,0,0,0,0,0,0,0,0,0,0,0,0,0,0,0,2.440000057,2.440000057,0,0,0,0,0,0,0,0,0,0,0,0,0,0,0,0,0,0,0,0,0,0,0,0,0,0,0,14.64000034,39.04000092,17.07999992,0,0,0,0,0,0,0,2.440000057,2.440000057,4.880000114,2.440000057,0,0,0,0,0,0,0,0,0,0,0,0,0,0,0,0,0,0,0,0,0,0,2.400000095,0,0,0,0,0,0,14.90999985,0,0,0,0,0,0,0,0,0,0,0,0,0,0,0,0,0,0,0,0,0,0,0,4.260000229,0,0,0
0,0,0,0,0,0,0,0,0,0,0,0,0,0,0,0,0,0,0,0,0,0,0,0,0,0,0,0,0,0,0,0,0,0,0,0,0,0,0,0,0,0,0,0,0,0,0,0,0,0,0,0,0,0,0,0,4.880000114,0,0,0,0,0,0,0,0,0,0,0,0,0,0,0,0,0,0,9.760000229,7.320000172,0,0,0,0,0,0,0,0,0,0,21.95999908,0,0,0,0,0,0,0,0,0,0,0,0,0,0,0,0,2.400000095,0,0,0,0,0,2.400000095,0,0,0,0,0,19.20000076,7.199999809,17.45999908,0,0,0,0,0,0,0,0,0,0,0,0,0,0,0,0,0,0,0,0,0,0,4.260000229,2.130000114,0,0
0,0,0,0,0,0,0,0,0,0,0,0,0,0,0,0,0,0,0,0,0,0,0,0,0,0,0,0,0,0,0,0,0,0,0,0,0,0,0,0,0,0,0,0,0,0,0,0,0,0,0,0,0,0,0,0,0,0,0,0,0,0,0,0,0,0,0,0,0,0,0,0,0,0,0,427,51.24000168,0,0,0,0,0,0,0,0,0,0,4.880000114,9.760000229,0,0,0,0,0,0,0,0,0,0,0,0,0,0,0,2.400000095,0,2.400000095,4.800000191,0,0,14.39999962,4.800000191,4.800000191,0,2.400000095,9.600000381,2.400000095,0,0,0,0,0,0,0,0,0,0,0,0,0,5.039999962,0,0,0,0,0,0,0,0,0,0,0,2.130000114,0,0
0,0,0,0,0,0,0,0,0,0,0,0,0,0,0,0,0,0,0,0,0,0,0,0,0,0,0,0,0,0,0,0,0,0,0,0,0,0,0,0,0,0,0,0,0,0,0,0,0,0,0,0,0,0,0,0,0,0,0,0,0,0,0,0,0,0,0,0,0,0,0,0,0,0,0,14.64000034,0,0,0,0,0,0,0,0,0,0,0,0,2.160000086,0,0,0,0,0,0,0,2.440000057,0,0,0,0,0,0,0,0,0,0,0,0,12,16.79999924,21.60000038,31.20000076,9.600000381,31.35000038,54.27000046,17.45999908,0,0,0,0,5.820000172,0,0,0,0,0,0,0,0,0,0,2.519999981,0,0,0,0,0,0,0,0,0,0,0,2.130000114
0,0,0,0,0,0,0,0,0,0,0,0,0,0,0,0,0,0,0,0,0,0,0,0,0,0,0,0,0,0,0,0,0,0,0,0,0,0,0,0,0,0,0,0,0,0,0,0,0,0,0,0,0,0,0,0,0,0,0,0,0,0,0,0,0,0,0,0,0,0,0,0,0,0,0,0,0,0,0,0,0,0,0,0,0,0,0,0,0,0,0,0,0,0,0,0,0,0,0,0,0,0,0,2.400000095,0,0,0,0,2.400000095,9.600000381,0,0,12,26.90999985,19.86000061,55.29000092,23.28000069,0,2.910000086,0,0,0,0,0,0,0,0,0,0,0,0,2.519999981,5.039999962,0,0,0,0,0,0,0,0,0,0,0,0
0,0,0,0,0,0,0,0,0,0,0,0,0,0,0,0,0,0,0,0,0,0,0,0,0,0,0,0,0,0,0,0,0,0,0,4.960000038,0,0,0,0,0,0,0,0,0,0,0,0,0,0,0,0,0,0,0,0,0,0,0,0,0,0,0,0,0,0,0,0,0,0,0,0,0,0,0,0,0,0,0,0,0,0,0,0,0,0,0,0,0,0,0,0,0,0,0,2.160000086,0,0,0,0,0,0,0,0,0,0,0,0,2.400000095,0,0,2.400000095,0,2.400000095,2.910000086,13.77000046,21.71999931,11.64000034,26.19000053,87.30000305,45.20000076,0,0,0,0,0,0,0,0,0,0,2.519999981,0,0,0,0,0,7.559999943,2.519999981,0,0,0,0,0,0
0,0,0,0,0,0,0,0,0,0,0,0,0,0,0,0,0,0,0,0,0,0,0,0,0,0,0,0,0,0,0,0,0,0,0,2.480000019,2.480000019,0,0,2.480000019,0,4.960000038,0,0,0,0,0,0,0,0,0,0,0,0,0,0,0,0,0,7.320000172,0,0,4.880000114,0,0,0,0,0,0,0,0,0,0,0,0,0,9.760000229,0,0,0,0,0,0,0,0,0,0,0,0,0,0,0,0,0,0,4.320000172,0,0,0,0,0,0,0,0,0,7.199999809,4.800000191,0,0,0,0,2.400000095,2.400000095,0,2.130000114,10.64999962,14.90999985,16.46999931,14.55000019,20.37000084,34.63999939,0,0,0,0,0,0,0,0,0,0,0,0,0,0,2.519999981,15.11999989,0,0,0,0,0,0,0,0
0,0,0,0,0,0,0,0,0,0,0,0,0,0,0,0,0,0,0,0,0,0,0,0,0,0,0,0,0,0,0,0,0,0,0,0,0,0,2.480000019,12.39999962,0,0,0,0,0,0,0,0,0,0,0,0,0,0,0,0,0,0,0,4.880000114,0,0,0,0,0,0,0,0,0,0,0,0,0,0,0,0,0,0,0,0,0,0,0,0,0,0,0,0,0,0,0,0,0,0,0,0,0,4.320000172,0,0,0,0,0,0,4.800000191,2.400000095,0,7.199999809,0,0,2.400000095,4.800000191,4.800000191,2.400000095,0,2.130000114,6.389999866,25.55999947,14.90999985,40.74000168,49.79999924,21.30999947,0,0,0,0,0,0,0,0,0,0,0,5.039999962,15.11999989,2.519999981,23.43000031,40.47000122,44.72999954,0,0,0,0,0,0
0,0,0,0,0,0,0,0,0,0,0,0,0,0,0,0,0,0,0,0,0,0,0,0,0,0,0,0,0,4.599999905,0,0,0,0,0,0,4.960000038,0,4.960000038,0,0,0,0,0,0,0,0,0,0,0,0,0,0,0,0,0,0,0,0,0,0,0,0,0,0,0,0,0,0,0,0,0,0,0,0,0,0,0,0,0,0,0,0,0,0,0,0,0,0,0,0,0,0,0,0,0,8.640000343,0,8.640000343,0,0,0,0,0,0,0,0,0,0,7.199999809,2.400000095,4.800000191,0,0,0,4.260000229,6.389999866,19.17000008,14.90999985,19.17000008,46.34999847,0,34.5,122.0999985,57.5,0,0,0,0,0,0,0,0,5.039999962,0,0,0,8.520000458,17.04000092,0,0,0,0,0,0
0,0,0,0,0,0,0,0,0,0,0,0,0,0,0,0,0,0,0,0,0,0,0,0,0,0,0,0,0,6.900000095,13.80000019,6.900000095,2.299999952,0,0,2.480000019,19.84000015,0,2.480000019,0,2.480000019,0,0,0,0,0,0,0,0,0,0,0,0,0,0,0,0,0,0,0,0,0,0,0,0,0,0,0,0,0,0,0,0,0,0,0,0,0,0,0,0,0,0,0,0,0,0,0,0,0,0,0,0,0,0,0,0,0,0,0,0,0,0,0,0,0,0,0,0,0,0,0,0,0,0,0,2.130000114,10.64999962,8.520000458,2.130000114,22.84000015,11.60000038,57.95999908,90.08000183,87.40000153,0,0,0,0,0,0,0,0,0,0,0,2.519999981,0,21.29999924,2.130000114,0,0,0,0,0
0,0,0,0,0,0,0,0,2.480000019,0,7.440000057,22.31999969,7.440000057,0,0,0,0,0,0,2.480000019,2.480000019,4.960000038,0,0,0,0,0,4.599999905,0,0,0,0,0,0,0,4.960000038,17.36000061,2.480000019,0,0,2.480000019,4.960000038,0,0,0,0,0,0,0,0,0,0,0,0,2.539999962,0,0,0,0,0,0,0,0,0,0,0,0,0,0,0,0,0,0,0,0,0,0,0,0,0,0,0,0,0,0,0,0,0,0,0,0,0,0,0,0,0,0,0,0,4.320000172,0,0,0,0,0,0,0,0,0,0,0,0,0,0,0,0,0,0,14.90999985,31.95000076,38.29999924,30.15999985,44.08000183,46.27999878,41.40000153,11.5,2.299999952,0,0,0,0,0,2.519999981,0,0,0,13.56000042,17.04000092,27.69000053,0,0,0,0,0,0
0,0,0,0,0,0,0,0,0,0,0,9.920000076,2.480000019,2.480000019,0,0,0,0,0,0,2.480000019,0,0,0,0,0,0,0,0,0,0,0,0,0,0,9.920000076,7.440000057,14.52000046,0,0,0,0,0,0,0,0,0,0,0,0,0,0,5.079999924,2.440000057,0,0,0,0,0,0,0,0,0,0,0,0,0,0,0,0,0,0,0,0,0,0,0,0,0,0,0,0,0,0,0,0,0,0,0,0,0,0,0,0,0,0,0,0,0,0,0,0,0,0,0,0,0,0,0,0,0,0,0,4.800000191,0,0,0,0,29.81999969,15.10000038,2.319999933,2.319999933,14.31999969,46.43999863,55.20000076,46,6.900000095,0,0,0,0,2.519999981,0,5.039999962,0,5.039999962,17.63999939,0,2.130000114,4.260000229,2.130000114,0,0,0,0
0,0,0,0,0,0,4.960000038,0,0,0,0,0,2.480000019,0,0,0,0,0,2.480000019,0,4.960000038,0,0,0,0,0,0,0,0,0,0,0,0,4.599999905,2.299999952,4.960000038,12.39999962,2.299999952,0,0,0,0,0,0,0,0,0,0,0,0,0,0,0,0,0,0,0,0,0,0,0,0,0,0,0,0,0,0,0,0,0,0,0,0,0,0,0,0,0,0,0,0,0,0,4.320000172,0,2.160000086,4.320000172,0,0,0,0,2.160000086,6.480000019,0,0,0,0,0,0,0,0,0,0,0,0,0,0,0,0,0,0,0,0,0,0,2.130000114,0,0,0,0,0,40.31999969,57.36000061,31.65999985,16.10000038,0,0,0,0,0,0,0,0,0,0,2.519999981,0,0,0,0,0,0,0,0
0,0,31.32999992,9.640000343,19.28000069,0,0,0,0,0,0,0,4.960000038,0,0,2.480000019,12.39999962,0,0,4.960000038,9.920000076,4.960000038,0,0,0,0,0,0,0,0,0,0,0,0,4.599999905,7.079999924,16.63999939,13.80000019,2.299999952,0,0,0,0,0,0,0,0,0,0,0,0,0,0,0,0,0,0,0,0,0,0,0,0,0,0,0,0,0,0,0,0,0,0,0,0,0,0,0,0,0,0,0,0,0,0,0,0,0,0,0,0,0,0,0,0,0,0,0,0,0,0,0,0,0,0,0,0,0,0,0,0,0,0,0,0,0,0,2.130000114,0,0,0,7.559999943,42.84000015,55.43999863,37.79999924,6.900000095,0,0,0,0,0,0,0,0,0,5.039999962,0,0,0,0,0,0,0,0,0
0,4.820000172,16.87000084,0,0,0,2.480000019,2.480000019,0,0,0,2.480000019,2.480000019,0,0,2.480000019,0,0,0,0,0,0,0,0,0,0,0,0,0,0,0,0,0,2.299999952,4.599999905,29.04000092,6.900000095,4.599999905,18.39999962,6.900000095,2.299999952,0,0,0,0,0,0,0,0,0,0,0,0,0,0,0,0,0,0,0,0,0,0,0,0,0,0,0,0,0,0,0,7.920000076,7.920000076,0,0,0,0,0,0,0,0,0,0,0,0,0,0,0,0,0,0,0,0,0,10.80000019,19.44000053,21.60000038,0,0,0,0,0,0,0,0,0,0,0,0,0,0,0,0,0,0,0,0,0,4.260000229,0,0,2.519999981,20.15999985,30.23999977,0,0,0,0,0,0,0,0,0,0,0,0,0,0,0,0,0,0,0,0
4.820000172,21.69000053,0,0,0,0,0,0,0,0,0,0,0,0,0,0,0,0,0,0,0,0,0,0,0,0,0,0,0,0,0,0,0,2.299999952,9.199999809,0,0,2.299999952,11.5,18.39999962,11.5,0,0,0,0,0,0,0,0,0,0,0,5.079999924,12.69999981,25.39999962,0,2.539999962,0,0,0,0,0,0,0,0,0,0,0,0,0,0,0,2.640000105,23.76000023,26.39999962,0,0,2.640000105,0,0,0,0,2.640000105,21.12000084,13.43999958,12.96000004,15.11999989,6.480000019,2.160000086,0,0,0,2.160000086,0,10.80000019,0,0,0,0,0,0,0,0,0,0,0,0,0,0,0,2.400000095,0,0,0,0,0,0,0,0,0,0,0,0,17.63999939,30.23999977,2.519999981,0,0,0,0,0,0,0,0,0,0,0,0,0,0,0,0,0,0,0
0,2.410000086,0,0,0,0,0,0,0,0,0,0,0,0,0,0,0,0,0,0,0,0,0,0,0,0,0,0,0,0,0,0,0,0,9.199999809,0,0,0,2.299999952,13.80000019,13.80000019,24.07999992,12.39999962,2.480000019,0,0,0,2.539999962,15.23999977,15.23999977,17.78000069,5.079999924,10.15999985,22.86000061,10.15999985,0,0,0,0,0,0,0,0,0,0,0,0,0,0,0,0,0,5.28000021,44.88000107,5.28000021,0,15.84000015,7.920000076,2.640000105,0,0,2.640000105,0,15.84000015,18.47999954,49.68000031,10.80000019,6.480000019,4.320000172,0,0,0,0,0,0,0,0,0,0,0,0,0,0,0,0,0,0,0,0,0,2.400000095,2.400000095,0,0,0,0,0,0,0,0,0,0,0,0,2.519999981,10.07999992,0,0,0,0,0,0,0,0,0,0,0,0,0,0,0,0,0,0,0
2.410000086,4.820000172,0,0,0,0,0,0,0,0,0,0,0,0,0,0,0,0,0,0,0,0,0,0,0,0,0,0,0,0,0,0,0,0,13.80000019,0,0,0,0,0,6.900000095,0,4.960000038,2.480000019,0,2.539999962,0,0,2.539999962,7.619999886,0,0,0,0,0,0,0,0,0,0,0,0,0,0,0,0,0,0,0,0,0,0,10.56000042,21.12000084,0,0,0,0,0,0,0,0,0,0,10.56000042,0,2.160000086,2.640000105,10.56000042,0,2.640000105,7.920000076,2.640000105,0,0,0,0,0,0,0,0,0,0,0,0,0,0,0,0,0,0,0,0,0,0,0,0,0,0,0,0,0,0,0,0,0,6.900000095,0,0,0,0,0,0,0,0,0,0,0,0,0,0,0,0,0,0
4.820000172,0,0,0,0,0,0,0,0,0,0,0,0,0,0,0,0,0,0,0,0,0,0,0,0,0,0,0,0,0,0,0,0,0,11.5,0,0,0,0,0,0,0,0,0,0,0,0,0,0,0,0,0,0,0,0,0,0,0,0,0,0,0,0,0,0,0,0,0,0,0,0,0,0,2.640000105,0,0,0,0,0,0,0,0,2.640000105,18.47999954,15.84000015,0,0,0,0,0,0,0,0,0,0,0,0,0,0,0,0,0,0,0,0,0,0,0,0,0,0,0,0,0,0,0,0,0,0,0,0,0,0,0,0,0,0,0,0,0,0,0,0,0,0,0,0,0,0,0,0,0,0,0,0
42,0,0,9.920000076,0,0,0,0,0,0,0,0,0,0,0,0,0,0,0,0,0,0,0,0,0,0,0,0,0,0,0,0,0,0,13.80000019,0,0,0,0,0,0,0,0,0,0,0,0,0,0,0,0,0,0,0,0,0,0,0,0,0,0,0,0,0,0,0,0,0,0,0,0,0,0,0,0,0,0,0,0,0,0,0,5.28000021,13.19999981,10.56000042,0,0,0,0,0,0,0,0,0,2.160000086,0,0,0,0,0,0,0,0,0,0,0,0,0,0,0,0,0,0,0,0,0,0,0,0,0,0,0,0,0,0,0,0,0,0,0,0,0,0,0,0,0,0,0,0,0,0,0,0,0,0
